
{
  "header": {
    "reportVersion": 1,
    "event": "Allocation failed - JavaScript heap out of memory",
    "trigger": "FatalError",
    "filename": "report.20200224.143744.9748.0.001.json",
    "dumpEventTime": "2020-02-24T14:37:44Z",
    "dumpEventTimeStamp": "1582526264818",
    "processId": 9748,
    "cwd": "C:\\Users\\Admin\\Desktop\\Projects\\ng-alain-zmzk",
    "commandLine": [
      "node",
      "C:\\Users\\Admin\\Desktop\\Projects\\ng-alain-zmzk\\node_modules\\.bin\\\\..\\@angular\\cli\\bin\\ng",
      "s",
      "-o"
    ],
    "nodejsVersion": "v12.16.1",
    "wordSize": 64,
    "arch": "x64",
    "platform": "win32",
    "componentVersions": {
      "node": "12.16.1",
      "v8": "7.8.279.23-node.31",
      "uv": "1.34.0",
      "zlib": "1.2.11",
      "brotli": "1.0.7",
      "ares": "1.15.0",
      "modules": "72",
      "nghttp2": "1.40.0",
      "napi": "5",
      "llhttp": "2.0.4",
      "http_parser": "2.9.3",
      "openssl": "1.1.1d",
      "cldr": "35.1",
      "icu": "64.2",
      "tz": "2019c",
      "unicode": "12.1"
    },
    "release": {
      "name": "node",
      "lts": "Erbium",
      "headersUrl": "https://nodejs.org/download/release/v12.16.1/node-v12.16.1-headers.tar.gz",
      "sourceUrl": "https://nodejs.org/download/release/v12.16.1/node-v12.16.1.tar.gz",
      "libUrl": "https://nodejs.org/download/release/v12.16.1/win-x64/node.lib"
    },
    "osName": "Windows_NT",
    "osRelease": "10.0.18363",
    "osVersion": "Windows 10 Pro",
    "osMachine": "x86_64",
    "cpus": [
      {
        "model": "AMD Ryzen 5 3600 6-Core Processor              ",
        "speed": 3600,
        "user": 103046,
        "nice": 0,
        "sys": 137296,
        "idle": 3587187,
        "irq": 36828
      },
      {
        "model": "AMD Ryzen 5 3600 6-Core Processor              ",
        "speed": 3600,
        "user": 48093,
        "nice": 0,
        "sys": 41718,
        "idle": 3737718,
        "irq": 375
      },
      {
        "model": "AMD Ryzen 5 3600 6-Core Processor              ",
        "speed": 3600,
        "user": 155468,
        "nice": 0,
        "sys": 129765,
        "idle": 3542296,
        "irq": 1203
      },
      {
        "model": "AMD Ryzen 5 3600 6-Core Processor              ",
        "speed": 3600,
        "user": 45781,
        "nice": 0,
        "sys": 41203,
        "idle": 3740546,
        "irq": 343
      },
      {
        "model": "AMD Ryzen 5 3600 6-Core Processor              ",
        "speed": 3600,
        "user": 105281,
        "nice": 0,
        "sys": 88046,
        "idle": 3633984,
        "irq": 1031
      },
      {
        "model": "AMD Ryzen 5 3600 6-Core Processor              ",
        "speed": 3600,
        "user": 64234,
        "nice": 0,
        "sys": 44078,
        "idle": 3719000,
        "irq": 562
      },
      {
        "model": "AMD Ryzen 5 3600 6-Core Processor              ",
        "speed": 3600,
        "user": 186343,
        "nice": 0,
        "sys": 100468,
        "idle": 3540500,
        "irq": 953
      },
      {
        "model": "AMD Ryzen 5 3600 6-Core Processor              ",
        "speed": 3600,
        "user": 155328,
        "nice": 0,
        "sys": 82296,
        "idle": 3589687,
        "irq": 578
      },
      {
        "model": "AMD Ryzen 5 3600 6-Core Processor              ",
        "speed": 3600,
        "user": 267140,
        "nice": 0,
        "sys": 104546,
        "idle": 3455625,
        "irq": 875
      },
      {
        "model": "AMD Ryzen 5 3600 6-Core Processor              ",
        "speed": 3600,
        "user": 70140,
        "nice": 0,
        "sys": 55859,
        "idle": 3701312,
        "irq": 953
      },
      {
        "model": "AMD Ryzen 5 3600 6-Core Processor              ",
        "speed": 3600,
        "user": 141296,
        "nice": 0,
        "sys": 71281,
        "idle": 3614734,
        "irq": 1125
      },
      {
        "model": "AMD Ryzen 5 3600 6-Core Processor              ",
        "speed": 3600,
        "user": 125468,
        "nice": 0,
        "sys": 58687,
        "idle": 3643156,
        "irq": 1609
      }
    ],
    "networkInterfaces": [
      {
        "name": "以太网",
        "internal": false,
        "mac": "00:d8:61:76:f9:85",
        "address": "fe80::6108:88cb:2c14:a6f6",
        "netmask": "ffff:ffff:ffff:ffff::",
        "family": "IPv6",
        "scopeid": 9
      },
      {
        "name": "以太网",
        "internal": false,
        "mac": "00:d8:61:76:f9:85",
        "address": "192.168.0.114",
        "netmask": "255.255.255.0",
        "family": "IPv4"
      },
      {
        "name": "Loopback Pseudo-Interface 1",
        "internal": true,
        "mac": "00:00:00:00:00:00",
        "address": "::1",
        "netmask": "ffff:ffff:ffff:ffff:ffff:ffff:ffff:ffff",
        "family": "IPv6",
        "scopeid": 0
      },
      {
        "name": "Loopback Pseudo-Interface 1",
        "internal": true,
        "mac": "00:00:00:00:00:00",
        "address": "127.0.0.1",
        "netmask": "255.0.0.0",
        "family": "IPv4"
      }
    ],
    "host": "DESKTOP-LB7CQHK"
  },
  "javascriptStack": {
    "message": "No stack.",
    "stack": [
      "Unavailable."
    ]
  },
  "nativeStack": [
    {
      "pc": "0x00007ff68f4d19f9",
      "symbol": "std::basic_ostream<char,std::char_traits<char> >::operator<<+10873"
    },
    {
      "pc": "0x00007ff68f4d5e1c",
      "symbol": "std::basic_ostream<char,std::char_traits<char> >::operator<<+28316"
    },
    {
      "pc": "0x00007ff68f4d4dd8",
      "symbol": "std::basic_ostream<char,std::char_traits<char> >::operator<<+24152"
    },
    {
      "pc": "0x00007ff68f5d34cb",
      "symbol": "v8::base::CPU::has_sse+38363"
    },
    {
      "pc": "0x00007ff68fde9f4e",
      "symbol": "v8::Isolate::ReportExternalAllocationLimitReached+94"
    },
    {
      "pc": "0x00007ff68fdd2021",
      "symbol": "v8::SharedArrayBuffer::Externalize+833"
    },
    {
      "pc": "0x00007ff68fc9e57c",
      "symbol": "v8::internal::Heap::EphemeronKeyWriteBarrierFromCode+1436"
    },
    {
      "pc": "0x00007ff68fca6521",
      "symbol": "v8::internal::Heap::PageFlagsAreConsistent+3761"
    },
    {
      "pc": "0x00007ff68fc9bb13",
      "symbol": "v8::internal::Heap::CollectGarbage+1283"
    },
    {
      "pc": "0x00007ff68fc9a184",
      "symbol": "v8::internal::Heap::AddRetainedMap+2452"
    },
    {
      "pc": "0x00007ff68fcbb36d",
      "symbol": "v8::internal::Factory::NewFillerObject+61"
    },
    {
      "pc": "0x00007ff68fa20c51",
      "symbol": "v8::internal::interpreter::JumpTableTargetOffsets::iterator::operator=+1665"
    },
    {
      "pc": "0x00007ff690234ddd",
      "symbol": "v8::internal::SetupIsolateDelegate::SetupHeap+546637"
    },
    {
      "pc": "0x00007ff690235d0d",
      "symbol": "v8::internal::SetupIsolateDelegate::SetupHeap+550525"
    },
    {
      "pc": "0x000002216060622c",
      "symbol": ""
    }
  ],
  "javascriptHeap": {
    "totalMemory": 383614976,
    "totalCommittedMemory": 383614976,
    "usedMemory": 360073632,
    "availableMemory": 1836969056,
    "memoryLimit": 2197815296,
    "heapSpaces": {
      "read_only_space": {
        "memorySize": 262144,
        "committedMemory": 262144,
        "capacity": 32808,
        "used": 32808,
        "available": 0
      },
      "new_space": {
        "memorySize": 1048576,
        "committedMemory": 1048576,
        "capacity": 1047456,
        "used": 1047432,
        "available": 24
      },
      "old_space": {
        "memorySize": 243941376,
        "committedMemory": 243941376,
        "capacity": 242962104,
        "used": 242154136,
        "available": 807968
      },
      "code_space": {
        "memorySize": 4100096,
        "committedMemory": 4100096,
        "capacity": 3813696,
        "used": 3340864,
        "available": 472832
      },
      "map_space": {
        "memorySize": 23334912,
        "committedMemory": 23334912,
        "capacity": 23309336,
        "used": 2868880,
        "available": 20440456
      },
      "large_object_space": {
        "memorySize": 110305280,
        "committedMemory": 110305280,
        "capacity": 110085224,
        "used": 110085224,
        "available": 0
      },
      "code_large_object_space": {
        "memorySize": 622592,
        "committedMemory": 622592,
        "capacity": 544288,
        "used": 544288,
        "available": 0
      },
      "new_large_object_space": {
        "memorySize": 0,
        "committedMemory": 0,
        "capacity": 1047456,
        "used": 0,
        "available": 1047456
      }
    }
  },
  "resourceUsage": {
    "userCpuSeconds": 67.625,
    "kernelCpuSeconds": 13.015,
    "cpuConsumptionPercent": 3.02136,
    "maxRss": 1382223872,
    "pageFaults": {
      "IORequired": 1166553,
      "IONotRequired": 0
    },
    "fsActivity": {
      "reads": 8474,
      "writes": 24
    }
  },
  "libuv": [
  ],
  "environmentVariables": {
    "=C:": "C:\\Users\\Admin\\Desktop\\Projects\\ng-alain-zmzk",
    "ALLUSERSPROFILE": "C:\\ProgramData",
    "AMDRMPATH": "C:\\Program Files\\AMD\\RyzenMaster\\",
    "ANDROID_HOME": "C:\\Users\\Admin\\AppData\\Local\\Android\\Sdk",
    "APPDATA": "C:\\Users\\Admin\\AppData\\Roaming",
    "COLORTERM": "truecolor",
    "CommonProgramFiles": "C:\\Program Files\\Common Files",
    "CommonProgramFiles(x86)": "C:\\Program Files (x86)\\Common Files",
    "CommonProgramW6432": "C:\\Program Files\\Common Files",
    "COMPUTERNAME": "DESKTOP-LB7CQHK",
    "ComSpec": "C:\\WINDOWS\\system32\\cmd.exe",
    "dp0": "C:\\Users\\Admin\\Desktop\\Projects\\ng-alain-zmzk\\node_modules\\.bin\\",
    "DriverData": "C:\\Windows\\System32\\Drivers\\DriverData",
    "ERLANG_HOME": "C:\\Program Files\\erl10.5",
    "FPS_BROWSER_APP_PROFILE_STRING": "Internet Explorer",
    "FPS_BROWSER_USER_PROFILE_STRING": "Default",
    "GTK_BASEPATH": "C:\\Program Files (x86)\\GtkSharp\\2.12\\",
    "HOME": "C:\\Users\\Admin",
    "HOMEDRIVE": "C:",
    "HOMEPATH": "\\Users\\Admin",
    "INIT_CWD": "C:\\Users\\Admin\\Desktop\\Projects\\ng-alain-zmzk",
    "INTEL_DEV_REDIST": "C:\\Program Files (x86)\\Common Files\\Intel\\Shared Libraries\\",
    "LANG": "zh_CN.UTF-8",
    "LOCALAPPDATA": "C:\\Users\\Admin\\AppData\\Local",
    "LOGONSERVER": "\\\\DESKTOP-LB7CQHK",
    "MIC_LD_LIBRARY_PATH": "C:\\Program Files (x86)\\Common Files\\Intel\\Shared Libraries\\compiler\\lib\\intel64_win_mic",
    "NODE": "C:\\Program Files\\nodejs\\node.exe",
    "NODE_EXE": "C:\\Program Files\\nodejs\\\\node.exe",
    "NPM_CLI_JS": "C:\\dev\\nvm\\npm\\node_modules\\npm\\bin\\npm-cli.js",
    "npm_config_access": "",
    "npm_config_allow_same_version": "",
    "npm_config_also": "",
    "npm_config_always_auth": "",
    "npm_config_argv": "{\"remain\":[],\"cooked\":[\"start\"],\"original\":[\"start\"]}",
    "npm_config_audit": "true",
    "npm_config_audit_level": "low",
    "npm_config_auth_type": "legacy",
    "npm_config_before": "",
    "npm_config_bin_links": "true",
    "npm_config_browser": "",
    "npm_config_ca": "",
    "npm_config_cache": "C:\\Users\\Admin\\AppData\\Roaming\\npm-cache",
    "npm_config_cache_lock_retries": "10",
    "npm_config_cache_lock_stale": "60000",
    "npm_config_cache_lock_wait": "10000",
    "npm_config_cache_max": "Infinity",
    "npm_config_cache_min": "10",
    "npm_config_cafile": "",
    "npm_config_cert": "",
    "npm_config_chromedriver_cdnurl": "http://cdn.npm.taobao.org/dist/chromedriver",
    "npm_config_cidr": "",
    "npm_config_color": "true",
    "npm_config_commit_hooks": "true",
    "npm_config_depth": "Infinity",
    "npm_config_description": "true",
    "npm_config_dev": "",
    "npm_config_dry_run": "",
    "npm_config_editor": "notepad.exe",
    "npm_config_engine_strict": "",
    "npm_config_fetch_retries": "2",
    "npm_config_fetch_retry_factor": "10",
    "npm_config_fetch_retry_maxtimeout": "60000",
    "npm_config_fetch_retry_mintimeout": "10000",
    "npm_config_force": "",
    "npm_config_format_package_lock": "true",
    "npm_config_fund": "true",
    "npm_config_git": "git",
    "npm_config_git_tag_version": "true",
    "npm_config_global": "",
    "npm_config_globalconfig": "C:\\dev\\nvm\\npm\\etc\\npmrc",
    "npm_config_globalignorefile": "C:\\dev\\nvm\\npm\\etc\\npmignore",
    "npm_config_global_style": "",
    "npm_config_group": "",
    "npm_config_ham_it_up": "",
    "npm_config_heading": "npm",
    "npm_config_home": "https://npm.taobao.org",
    "npm_config_https_proxy": "",
    "npm_config_if_present": "",
    "npm_config_ignore_prepublish": "",
    "npm_config_ignore_scripts": "",
    "npm_config_init_author_email": "",
    "npm_config_init_author_name": "",
    "npm_config_init_author_url": "",
    "npm_config_init_license": "ISC",
    "npm_config_init_module": "C:\\Users\\Admin\\.npm-init.js",
    "npm_config_init_version": "1.0.0",
    "npm_config_json": "",
    "npm_config_key": "",
    "npm_config_legacy_bundling": "",
    "npm_config_link": "",
    "npm_config_local_address": "",
    "npm_config_loglevel": "notice",
    "npm_config_logs_max": "10",
    "npm_config_long": "",
    "npm_config_maxsockets": "50",
    "npm_config_message": "%s",
    "npm_config_metrics_registry": "https://registry.npm.taobao.org/",
    "npm_config_node_gyp": "C:\\dev\\nvm\\npm\\node_modules\\npm\\node_modules\\node-gyp\\bin\\node-gyp.js",
    "npm_config_node_options": "",
    "npm_config_node_version": "12.16.1",
    "npm_config_noproxy": "",
    "npm_config_offline": "",
    "npm_config_onload_script": "",
    "npm_config_only": "",
    "npm_config_optional": "true",
    "npm_config_otp": "",
    "npm_config_package_lock": "true",
    "npm_config_package_lock_only": "",
    "npm_config_parseable": "",
    "npm_config_prefer_offline": "",
    "npm_config_prefer_online": "",
    "npm_config_prefix": "C:\\dev\\nvm\\npm",
    "npm_config_preid": "",
    "npm_config_production": "",
    "npm_config_progress": "true",
    "npm_config_proxy": "",
    "npm_config_python": "C:\\Users\\Admin\\.windows-build-tools\\python27\\python.exe",
    "npm_config_read_only": "",
    "npm_config_rebuild_bundle": "true",
    "npm_config_registry": "https://registry.npm.taobao.org/",
    "npm_config_rollback": "true",
    "npm_config_sass_binary_site": "https://npm.taobao.org/mirrors/node-sass/",
    "npm_config_save": "true",
    "npm_config_save_bundle": "",
    "npm_config_save_dev": "",
    "npm_config_save_exact": "",
    "npm_config_save_optional": "",
    "npm_config_save_prefix": "^",
    "npm_config_save_prod": "",
    "npm_config_scope": "",
    "npm_config_scripts_prepend_node_path": "warn-only",
    "npm_config_script_shell": "",
    "npm_config_searchexclude": "",
    "npm_config_searchlimit": "20",
    "npm_config_searchopts": "",
    "npm_config_searchstaleness": "900",
    "npm_config_send_metrics": "",
    "npm_config_shell": "C:\\WINDOWS\\system32\\cmd.exe",
    "npm_config_shrinkwrap": "true",
    "npm_config_sign_git_commit": "",
    "npm_config_sign_git_tag": "",
    "npm_config_sso_poll_frequency": "500",
    "npm_config_sso_type": "oauth",
    "npm_config_strict_ssl": "true",
    "npm_config_tag": "latest",
    "npm_config_tag_version_prefix": "v",
    "npm_config_timing": "",
    "npm_config_tmp": "C:\\Users\\Admin\\AppData\\Local\\Temp",
    "npm_config_umask": "0000",
    "npm_config_unicode": "",
    "npm_config_unsafe_perm": "true",
    "npm_config_update_notifier": "true",
    "npm_config_usage": "",
    "npm_config_user": "",
    "npm_config_userconfig": "C:\\Users\\Admin\\.npmrc",
    "npm_config_user_agent": "npm/6.13.6 node/v12.16.1 win32 x64",
    "npm_config_version": "",
    "npm_config_versions": "",
    "npm_config_viewer": "browser",
    "npm_execpath": "C:\\dev\\nvm\\npm\\node_modules\\npm\\bin\\npm-cli.js",
    "NPM_HOME": "C:\\dev\\nvm\\npm",
    "npm_lifecycle_event": "start",
    "npm_lifecycle_script": "npm run color-less && ng s -o",
    "npm_node_execpath": "C:\\Program Files\\nodejs\\node.exe",
    "npm_package_dependencies_ajv": "^6.10.2",
    "npm_package_dependencies_axios": "^0.19.2",
    "npm_package_dependencies_ng_alain": "^8.6.0",
    "npm_package_dependencies_ng_zorro_antd": "^8.5.0",
    "npm_package_dependencies_rxjs": "~6.4.0",
    "npm_package_dependencies_screenfull": "^5.0.0",
    "npm_package_dependencies_tslib": "^1.10.0",
    "npm_package_dependencies_zone_js": "~0.9.1",
    "npm_package_dependencies__angular_animations": "~8.2.8",
    "npm_package_dependencies__angular_common": "~8.2.8",
    "npm_package_dependencies__angular_compiler": "~8.2.8",
    "npm_package_dependencies__angular_core": "~8.2.8",
    "npm_package_dependencies__angular_forms": "~8.2.8",
    "npm_package_dependencies__angular_platform_browser": "~8.2.8",
    "npm_package_dependencies__angular_platform_browser_dynamic": "~8.2.8",
    "npm_package_dependencies__angular_router": "~8.2.8",
    "npm_package_dependencies__delon_abc": "^8.6.0",
    "npm_package_dependencies__delon_acl": "^8.6.0",
    "npm_package_dependencies__delon_auth": "^8.6.0",
    "npm_package_dependencies__delon_cache": "^8.6.0",
    "npm_package_dependencies__delon_chart": "^8.6.0",
    "npm_package_dependencies__delon_form": "^8.6.0",
    "npm_package_dependencies__delon_mock": "^8.6.0",
    "npm_package_dependencies__delon_theme": "^8.6.0",
    "npm_package_dependencies__delon_util": "^8.6.0",
    "npm_package_dependencies__ngx_translate_core": "^11.0.1",
    "npm_package_dependencies__ngx_translate_http_loader": "^4.0.0",
    "npm_package_description": "<p align=\"center\">   <a href=\"https://ng-alain.com\">     <img width=\"100\" src=\"https://ng-alain.com/assets/img/logo-color.svg\">   </a> </p>",
    "npm_package_devDependencies_antd_theme_generator": "^1.1.7",
    "npm_package_devDependencies_codelyzer": "^5.0.0",
    "npm_package_devDependencies_husky": "^3.0.9",
    "npm_package_devDependencies_jasmine_core": "~3.4.0",
    "npm_package_devDependencies_jasmine_spec_reporter": "~4.2.1",
    "npm_package_devDependencies_karma": "~4.1.0",
    "npm_package_devDependencies_karma_chrome_launcher": "~2.2.0",
    "npm_package_devDependencies_karma_coverage_istanbul_reporter": "~2.0.1",
    "npm_package_devDependencies_karma_jasmine": "~2.0.1",
    "npm_package_devDependencies_karma_jasmine_html_reporter": "^1.4.0",
    "npm_package_devDependencies_less_bundle_promise": "^1.0.7",
    "npm_package_devDependencies_lint_staged": "^8.2.1",
    "npm_package_devDependencies_ng_alain": "^8.6.0",
    "npm_package_devDependencies_ng_alain_codelyzer": "^0.0.1",
    "npm_package_devDependencies_prettier": "^1.18.2",
    "npm_package_devDependencies_prettier_stylelint": "^0.4.2",
    "npm_package_devDependencies_protractor": "~5.4.0",
    "npm_package_devDependencies_stylelint": "^11.1.1",
    "npm_package_devDependencies_stylelint_config_prettier": "^6.0.0",
    "npm_package_devDependencies_stylelint_config_rational_order": "^0.1.2",
    "npm_package_devDependencies_stylelint_config_standard": "^19.0.0",
    "npm_package_devDependencies_stylelint_declaration_block_no_ignored_properties": "^2.1.0",
    "npm_package_devDependencies_stylelint_order": "^3.1.1",
    "npm_package_devDependencies_tslint": "~5.15.0",
    "npm_package_devDependencies_tslint_config_prettier": "^1.18.0",
    "npm_package_devDependencies_tslint_language_service": "^0.9.9",
    "npm_package_devDependencies_ts_node": "~7.0.0",
    "npm_package_devDependencies_typescript": "~3.5.3",
    "npm_package_devDependencies__angularclass_hmr": "^2.1.3",
    "npm_package_devDependencies__angular_cli": "~8.3.6",
    "npm_package_devDependencies__angular_compiler_cli": "~8.2.8",
    "npm_package_devDependencies__angular_devkit_build_angular": "~0.803.6",
    "npm_package_devDependencies__angular_language_service": "~8.2.8",
    "npm_package_devDependencies__delon_testing": "^8.6.0",
    "npm_package_devDependencies__types_jasmine": "~3.3.8",
    "npm_package_devDependencies__types_jasminewd2": "~2.0.3",
    "npm_package_devDependencies__types_node": "~8.9.4",
    "npm_package_husky_hooks_pre_commit": "npm run lint-staged",
    "npm_package_lint_staged_ignore_0": "src/assets/*",
    "npm_package_lint_staged_linters_src______less_0": "npm run lint:style",
    "npm_package_lint_staged_linters_src______less_1": "git add",
    "npm_package_lint_staged_linters_src______ts_0": "npm run lint:ts",
    "npm_package_lint_staged_linters_src______ts_1": "git add",
    "npm_package_name": "ng-alain-zmzk",
    "npm_package_private": "true",
    "npm_package_readmeFilename": "README.md",
    "npm_package_scripts_analyze": "npm run color-less && node --max_old_space_size=5120 ./node_modules/@angular/cli/bin/ng build --prod --stats-json",
    "npm_package_scripts_build": "npm run color-less && node --max_old_space_size=5120 ./node_modules/@angular/cli/bin/ng build --prod",
    "npm_package_scripts_color_less": "node scripts/color-less.js",
    "npm_package_scripts_e2e": "ng e2e",
    "npm_package_scripts_hmr": "ng serve -c=hmr",
    "npm_package_scripts_icon": "ng g ng-alain:plugin icon",
    "npm_package_scripts_lint": "npm run lint:ts && npm run lint:style",
    "npm_package_scripts_lint_staged": "lint-staged",
    "npm_package_scripts_lint_style": "stylelint \"src/**/*.less\" --syntax less --fix",
    "npm_package_scripts_lint_ts": "tslint -c tslint.json \"src/**/*.ts\" --fix",
    "npm_package_scripts_ng": "ng",
    "npm_package_scripts_start": "npm run color-less && ng s -o",
    "npm_package_scripts_test": "ng test",
    "npm_package_scripts_test_coverage": "ng test --code-coverage --watch=false",
    "npm_package_scripts_tslint_check": "tslint-config-prettier-check ./tslint.json",
    "npm_package_version": "0.0.0",
    "NPM_PREFIX_NPM_CLI_JS": "C:\\dev\\nvm\\npm\\node_modules\\npm\\bin\\npm-cli.js",
    "NUMBER_OF_PROCESSORS": "12",
    "NVM_HOME": "C:\\dev\\nvm",
    "NVM_SYMLINK": "C:\\dev\\nodejs",
    "OneDrive": "C:\\Users\\Admin\\OneDrive",
    "OS": "Windows_NT",
    "Path": "C:\\dev\\nvm\\npm\\node_modules\\npm\\node_modules\\npm-lifecycle\\node-gyp-bin;C:\\Users\\Admin\\Desktop\\Projects\\ng-alain-zmzk\\node_modules\\.bin;C:\\Program Files (x86)\\Common Files\\Oracle\\Java\\javapath;C:\\Program Files (x86)\\Common Files\\Intel\\Shared Libraries\\redist\\intel64_win\\compiler;C:\\Windows\\system32;C:\\Windows;C:\\Windows\\System32\\Wbem;C:\\Windows\\System32\\WindowsPowerShell\\v1.0\\;C:\\Windows\\System32\\OpenSSH\\;C:\\Program Files (x86)\\NVIDIA Corporation\\PhysX\\Common;C:\\Program Files\\NVIDIA Corporation\\NVIDIA NvDLISR;C:\\Program Files\\NVIDIA Corporation\\NVIDIA NGX;C:\\WINDOWS\\system32;C:\\WINDOWS;C:\\WINDOWS\\System32\\Wbem;C:\\WINDOWS\\System32\\WindowsPowerShell\\v1.0\\;C:\\WINDOWS\\System32\\OpenSSH\\;C:\\Users\\Admin\\AppData\\Local\\Microsoft\\WindowsApps;C:\\Users\\Admin\\AppData\\Roaming\\npm;C:\\Program Files\\nodejs;C:\\WINDOWS\\system32;C:\\WINDOWS;C:\\WINDOWS\\System32\\Wbem;C:\\WINDOWS\\System32\\WindowsPowerShell\\v1.0\\;C:\\WINDOWS\\System32\\OpenSSH\\;C:\\Program Files (x86)\\Windows Kits\\8.1\\Windows Performance Toolkit\\;C:\\Program Files (x86)\\GtkSharp\\2.12\\bin;C:\\WINDOWS\\system32\\config\\systemprofile\\.dnx\\bin;C:\\Program Files\\Microsoft DNX\\Dnvm\\;C:\\Program Files\\Microsoft SQL Server\\120\\Tools\\Binn\\;C:\\Program Files\\Microsoft SQL Server\\130\\Tools\\Binn\\;C:\\Program Files\\dotnet\\;C:\\Users\\Admin\\AppData\\Local\\Android\\Sdk\\platform-tools;C:\\Program Files\\nodejs\\;C:\\Users\\Admin\\.windows-build-tools\\python27\\;C:\\dev\\nvm\\npm;C:\\Users\\Admin\\AppData\\Local\\Microsoft\\WindowsApps;C:\\dev\\nvm;C:\\dev\\nodejs;C:\\Users\\Admin\\AppData\\Local\\Programs\\Microsoft VS Code\\bin;C:\\Users\\Admin\\AppData\\Roaming\\npm;C:\\Program Files\\Bandizip\\",
    "PATHEXT": ".COM;.EXE;.BAT;.CMD;.VBS;.VBE;.JSE;.WSF;.WSH;.MSC;.CPL",
    "PROCESSOR_ARCHITECTURE": "AMD64",
    "PROCESSOR_IDENTIFIER": "AMD64 Family 23 Model 113 Stepping 0, AuthenticAMD",
    "PROCESSOR_LEVEL": "23",
    "PROCESSOR_REVISION": "7100",
    "ProgramData": "C:\\ProgramData",
    "ProgramFiles": "C:\\Program Files",
    "ProgramFiles(x86)": "C:\\Program Files (x86)",
    "ProgramW6432": "C:\\Program Files",
    "PROMPT": "$P$G",
    "PSModulePath": "C:\\Users\\Admin\\Documents\\WindowsPowerShell\\Modules;C:\\Program Files\\WindowsPowerShell\\Modules;C:\\WINDOWS\\system32\\WindowsPowerShell\\v1.0\\Modules",
    "PUBLIC": "C:\\Users\\Public",
    "SESSIONNAME": "Console",
    "ss-root": "C:\\Program Files (x86)\\senseshield\\ss",
    "SW_SIM_HYDRA": "C:\\Program Files\\Common Files\\SolidWorks Shared\\Simulation Worker Agent\\",
    "SW_SIM_MPIT": "INTELMPI",
    "SW_SIM_TEMP": "C:\\ProgramData\\SOLIDWORKS\\SW_net_sim_temp\\",
    "SystemDrive": "C:",
    "SystemRoot": "C:\\WINDOWS",
    "TEMP": "C:\\Users\\Admin\\AppData\\Local\\Temp",
    "TERM_PROGRAM": "vscode",
    "TERM_PROGRAM_VERSION": "1.42.1",
    "TMP": "C:\\Users\\Admin\\AppData\\Local\\Temp",
    "USERDOMAIN": "DESKTOP-LB7CQHK",
    "USERDOMAIN_ROAMINGPROFILE": "DESKTOP-LB7CQHK",
    "USERNAME": "Admin",
    "USERPROFILE": "C:\\Users\\Admin",
    "VS140COMNTOOLS": "E:\\Program Files\\VS\\Common7\\Tools\\",
    "WEBPACK_DEV_SERVER": "true",
    "windir": "C:\\WINDOWS",
    "_prog": "node"
  },
  "sharedObjects": [
    "C:\\Program Files\\nodejs\\node.exe",
    "C:\\WINDOWS\\SYSTEM32\\ntdll.dll",
    "C:\\WINDOWS\\System32\\KERNEL32.DLL",
    "C:\\WINDOWS\\System32\\KERNELBASE.dll",
    "C:\\WINDOWS\\System32\\ADVAPI32.DLL",
    "C:\\WINDOWS\\System32\\msvcrt.dll",
    "C:\\WINDOWS\\System32\\sechost.dll",
    "C:\\WINDOWS\\System32\\RPCRT4.dll",
    "C:\\WINDOWS\\System32\\WS2_32.dll",
    "C:\\WINDOWS\\System32\\PSAPI.DLL",
    "C:\\WINDOWS\\System32\\USER32.dll",
    "C:\\WINDOWS\\System32\\win32u.dll",
    "C:\\WINDOWS\\System32\\GDI32.dll",
    "C:\\WINDOWS\\System32\\gdi32full.dll",
    "C:\\WINDOWS\\System32\\msvcp_win.dll",
    "C:\\WINDOWS\\System32\\ucrtbase.dll",
    "C:\\WINDOWS\\System32\\CRYPT32.dll",
    "C:\\WINDOWS\\System32\\MSASN1.dll",
    "C:\\WINDOWS\\System32\\bcrypt.dll",
    "C:\\WINDOWS\\SYSTEM32\\USERENV.dll",
    "C:\\WINDOWS\\System32\\profapi.dll",
    "C:\\WINDOWS\\SYSTEM32\\IPHLPAPI.DLL",
    "C:\\WINDOWS\\SYSTEM32\\dbghelp.dll",
    "C:\\WINDOWS\\SYSTEM32\\WINMM.dll",
    "C:\\WINDOWS\\SYSTEM32\\WINMMBASE.dll",
    "C:\\WINDOWS\\System32\\cfgmgr32.dll",
    "C:\\WINDOWS\\System32\\bcryptPrimitives.dll",
    "C:\\WINDOWS\\System32\\IMM32.DLL",
    "C:\\WINDOWS\\System32\\powrprof.dll",
    "C:\\WINDOWS\\System32\\UMPDC.dll",
    "C:\\WINDOWS\\SYSTEM32\\CRYPTBASE.DLL",
    "C:\\WINDOWS\\system32\\uxtheme.dll",
    "C:\\WINDOWS\\System32\\combase.dll",
    "C:\\WINDOWS\\system32\\mswsock.dll",
    "C:\\WINDOWS\\System32\\kernel.appcore.dll",
    "\\\\?\\C:\\Users\\Admin\\node_modules\\node-sass\\vendor\\win32-x64-72\\binding.node",
    "C:\\WINDOWS\\System32\\NSI.dll",
    "C:\\WINDOWS\\SYSTEM32\\dhcpcsvc6.DLL",
    "C:\\WINDOWS\\SYSTEM32\\dhcpcsvc.DLL",
    "C:\\WINDOWS\\SYSTEM32\\DNSAPI.dll",
    "C:\\WINDOWS\\system32\\napinsp.dll",
    "C:\\WINDOWS\\system32\\pnrpnsp.dll",
    "C:\\WINDOWS\\System32\\winrnr.dll",
    "C:\\WINDOWS\\system32\\NLAapi.dll",
    "C:\\WINDOWS\\system32\\wshbth.dll",
    "C:\\Program Files\\Bonjour\\mdnsNSP.dll",
    "C:\\Windows\\System32\\rasadhlp.dll",
    "C:\\WINDOWS\\System32\\fwpuclnt.dll"
  ]
}